"","PaperId","AuthorId","AffiliationId","AuthorSequenceNumber","OriginalAuthor"
"1","181397334",2106523284,4068193,1,"Darja Steiner Petrović"
"2","181519895",2722697558,NA,1,"S. D. Petković"
"3","181583397",458746472,NA,3,"Petar M. Seferović"
"4","181583397",2799647861,NA,2,"Arsen D. Ristić"
"5","181593588",2076631555,NA,8,"Jelić S"
"6","181593588",2629634845,NA,5,"Lukić"
"7","181593588",2642742738,NA,9,"Radulović S"
"8","181593588",2648766741,NA,7,"Mitrovic L"
"9","181593588",2655888102,NA,1,"Susnjar S"
"10","181593588",2672576422,NA,4,"Stamatović L"
"11","181593588",2681155118,NA,2,"Vasović S"
"12","181593588",2682660581,NA,3,"Nesković-Konstantinović Z"
"13","181593588",2704140782,NA,6,"Colaković S"
"14","181714652",712685514,861853513,1,"Francesco L. Chiera"
"15","182230576",1907620903,36169673,2,"Bernard Verger"
"16","182725183",2148228737,861853513,4,"Luca De Santis"
"17","183056454",2670691371,4068193,2,"N. S. Damjanov"
"18","183056454",2713546742,NA,1,"P. S. Ostojić"
"19","183079975",2081780348,4068193,1,"Danimir Mandic"
"20","183079975",2491197902,4068193,2,"Nada Vilotijevic"
"21","183162016",2159916035,199691007,1,"Nelson Roberto Manzoni de Oliveira"
"22","184350715",296109126,17974374,1,"Jose Vicente Caixeta-Filho"
"23","184657307",160204066,4068193,2,"Dimitrije Andrijevic"
"24","184657307",2103596658,4068193,1,"Mila Mrsevic"
"25","186547414",1984454093,4068193,1,"D. S. Mitrinović"
"26","186577568",2273683440,4068193,7,"Aleksandar Simić"
"27","187734112",47946092,4068193,1,"Uroš Krčadinac"
"28","187734112",1811149645,4068193,3,"Vladan Devedžić"
"29","187734112",2222988242,4068193,2,"Jelena Jovanović"
"30","187736042",2617012641,NA,4,"Predrag Janicic"
"31","187945840",2020399213,4068193,1,"Božica Bojović"
"32","187973454",2042683773,NA,1,"Saša Lazović"
"33","188224805",1970065438,4068193,3,"Dragorad Milovanovic"
"34","188224805",2058865964,4068193,1,"Zoran Bojkovic"
"35","188224805",2155216212,NA,2,"Zoran Milicevic"
"36","188402222",2037723318,4068193,2,"Alexandra Perovic"
"37","188445550",2097038728,NA,1,"Milenko Nikolić"
"38","188490530",2425596860,NA,1,"M. Todorović"
"39","188490530",2604166923,NA,3,"N. Kovačić"
"40","188490530",2640374877,NA,2,"N. Ikonomov"
"41","188490530",2697555634,NA,4,"M. Rekalić"
"42","188490530",2707069141,NA,5,"M. Perić"
"43","188808696",2075618757,4068193,1,"G. Vučković"
"44","188808696",2304933355,4068193,6,"G. Gojgić-Cvijović"
"45","188808696",2665784100,4068193,5,"D. D. Manojlović"
"46","189056476",2599780196,NA,3,"D. Hadžić"
"47","189056476",2641856727,NA,1,"M. Prokić"
"48","189056476",2689019146,NA,2,"S. Glodić"
"49","189149871",2038000208,NA,2,"Dejan Kukolj"
"50","189149871",2684251688,NA,1,"Dragan Mihajlovic"
"51","189177761",131296469,NA,2,"Vlajinac H"
"52","189177761",414912543,NA,5,"Diklic A"
"53","189177761",1861426195,NA,3,"Marinkovic J"
"54","189177761",2060159045,NA,4,"Paunovic I"
"55","189177761",2687786432,NA,6,"Dzodic R"
"56","189177761",2707494030,NA,1,"Zivaljevic"
"57","189194052",2276910607,199691007,1,"Edmar Ramos de Siqueira"
"58","189453971",2111998958,4068193,4,"Snežana Bogdanović"
"59","189453971",2134473808,4068193,1,"Miloš Marjanović"
"60","189453971",2466093324,4068193,3,"Biljana Abolmasov"
"61","189453971",2496042812,4068193,2,"Uroš Ðurić"
"62","189724957",124182945,4068193,1,"Slobodan N. Vukosavic"
"63","189726676",2061517101,4068193,1,"Veljko Milutinović"
"64","189961106",2109184444,NA,3,"D. S. Pesic"
"65","189961106",2196087805,4068193,2,"V. D. Bojovic"
"66","189961106",2746677320,4068193,1,"Ankica Antic-Jovanovic"
"67","191579654",188314963,4068193,2,"Mirko Dejic"
"68","191579654",2081780348,4068193,1,"Danimir Mandic"
"69","191592858",1992031922,NA,5,"Dan Meisel"
"70","191675414",1943639793,4068193,1,"J. Lukovic"
"71","191675414",2257153788,4068193,3,"V. Ducic"
"72","192114977",2137424981,NA,5,"Vera Popovic"
"73","192114977",2245401466,NA,2,"Dragana Miljic"
"74","192114977",2643709517,NA,1,"Predrag Miljic"
"75","192227313",2013311296,4068193,3,"I. P. Dojcinovic"
"76","192227313",2020915088,4068193,1,"M. M. Kuraica"
"77","192227313",2469522412,4068193,4,"J. Puric"
"78","192234009",2077773394,4068193,3,"Milan Milanović"
"79","192265237",1984454093,4068193,1,"D. S. Mitrinović"
"80","192269282",698554627,4068193,1,"Dragan Djurić"
"81","192269282",1811149645,4068193,3,"Vladan Devedžić"
"82","193303668",2076119842,NA,3,"Rados Gajic"
"83","193303668",2306869429,NA,2,"Milan J. Konstantinovic"
"84","193303668",2779759271,NA,1,"Z. V. Popovic"
"85","193420296",1231046325,4068193,4,"Aleksandar D. Rodic"
"86","193790663",2073586900,130442723,1,"Nilton Rodrigues Paim"
"87","194090112",2704316445,NA,1,"Vojin Dimitrijevic"
"88","194827699",2009642532,4068193,4,"Marko Pejić"
"89","194827699",2466093324,4068193,1,"Biljana Abolmasov"
"90","194827699",2665033218,4068193,5,"Zoran Radić"
"91","195100488",320921190,NA,2,"Iris Žeželj"
"92","195585110",2005843615,4068193,2,"J. Miljuš-Djukić"
"93","195585110",2108673957,4068193,3,"S. Ninković"
"94","195585110",2321111850,4068193,1,"M. Nešković"
"95","195593718",2657005692,NA,1,"Iris Borjanovic"
"96","195649034",2159623062,NA,1,"Raka Jovanovic"
"97","195649034",2303484734,159365519,2,"Milan Tuba"
"98","195893235",1905924497,878065381,2,"Jose Antonio Costabeber"
"99","197039382",2530490008,4068193,2,"Radovan R. Janić"
"100","197754781",2616226066,NA,2,"A. Ferrer Marcellés"
"101","199096260",1613577673,4068193,1,"Jelena Miocinovic"
"102","199199736",2617831014,861853513,4,"G. Martinelli"
"103","200326999",252241376,4068193,1,"Katarina D. Karljiković"
"104","200326999",2154630069,4068193,2,"Branislava S. Stanković"
"105","200326999",2489271981,4068193,3,"Emil B. Milosavljević"
"106","200441886",2168807095,4068193,4,"Vladimir Milovanović"
"107","200441886",2199595403,4068193,6,"Jelena Popović"
"108","201178516",131296469,4068193,2,"Hristina Vlajinac"
"109","201178516",1211557622,4068193,4,"Sandra Sipetic-Grujicic"
"110","201178516",1861426195,4068193,3,"Jelena Marinkovic"
"111","201291241",2632957047,NA,1,"Zorica M. Mihajlovic"
"112","201349792",2716272579,NA,1,"L. Palaghian"
"113","202039859",1987602528,NA,7,"S. Vucinic"
"114","202039859",2090284734,NA,8,"B. Antonijevic"
"115","202039859",2115475049,NA,2,"S. Stankovic"
"116","202039859",2131805589,NA,4,"S. Jankovic"
"117","202039859",2166023647,NA,1,"M. Curcic"
"118","202039859",2289507315,1304155728,3,"V. Jacevic"
"119","202039859",2303464665,NA,6,"V. Milovanovic"
"120","202081657",436929616,4068193,2,"Aleksandar Crnjin"
"121","202081657",1079130773,4068193,1,"Zoran Babović"
"122","202081657",2061517101,4068193,5,"Veljko Milutinović"
"123","202081657",2494264078,4068193,4,"Stanislava Stanković"
"124","202081657",2778487743,4068193,3,"Goran Rakočević"
"125","202291331",1984454093,4068193,1,"D. S. Mitrinović"
"126","202319317",2654664124,NA,1,"Starcević"
"127","202447841",2033414497,4068193,4,"S. Bošnjak"
"128","202447841",2054823392,4068193,2,"V. Gašić"
"129","202447841",2106540003,4068193,1,"N. Zrnić"
"130","202447841",2462409167,4068193,3,"A. Obradović"
"131","202986772",2297156958,4068193,3,"Srdjan S. Stanković"
"132","202995474",1322615832,4068193,7,"A. Subotić"
"133","202995474",1911293959,4068193,3,"A. Cingel"
"134","202995474",2023874058,4068193,4,"S. Jevremović"
"135","202995474",2088862731,4068193,6,"B. Filipović"
"136","202995474",2201426746,4068193,1,"S. Milošević"
"137","202995474",2256291154,4068193,2,"A. Simonović"
"138","202995474",2660849065,4068193,5,"S. Todorović"
"139","203563226",2061517101,4068193,2,"Veljko Milutinović"
"140","203831911",2712227403,NA,1,"Rebecca Weed"
"141","203837373",1975111482,4068193,1,"N. Radovic"
"142","203837373",2061192921,4068193,2,"Dj. Drobnjak"
"143","203837373",2485365639,4068193,3,"H. Hraam"
"144","203965430",660349267,4068193,2,"Željko Kamberović"
"145","203965430",676340722,4068193,3,"Zoran Anđić"
"146","203965430",2070316253,4068193,4,"Marija Korać"
"147","203965430",2138088100,4068193,1,"Vesna Nikolić"
"148","204023578",2146160258,4068193,3,"Svetlana Aćić"
"149","204023578",2269993237,4068193,1,"Zora Dajić Stevanović"
"150","204049236",2712860492,NA,1,"Aleksandar Dimitrijevic"
"151","204156238",285375255,4068193,3,"Olivera Kitanović"
"152","204219091",2648928324,4068193,1,"Vladimir M. Cadez"
"153","205059751",2714896084,NA,1,"Gina Florica Stoica"
"154","205712669",410957306,4068193,3,"G. Muzdeka"
"155","205712669",2751129943,4068193,2,"M. Djuric"
"156","205712669",2752581453,4068193,1,"D. Ostojic"
"157","205729239",678806709,4068193,5,"Vesna Starčević"
"158","205729239",2314337883,NA,3,"Branislava Brkić"
"159","206095147",2155574116,199691007,1,"Neide Botrel Gonçalves"
"160","206641318",257481985,NA,1,"Nebojsa Bacanin"
"161","206641318",1352661367,4068193,3,"Ivona Brajevic"
"162","206641318",2303484734,NA,2,"Milan Tuba"
"163","206717680",2120092352,NA,5,"M. M. Ristic"
"164","206717680",2649731966,NA,3,"T. Sreckovic"
"165","207772881",742221543,199691007,1,"Elto Eugenio Gomes e Gama"
"166","207913704",2689292888,NA,2,"I. Vlãdoiu"
"167","209581339",2701771756,NA,2,"Tatijana Stosic"
"168","211085228",1617586625,NA,3,"Dragan Polovina"
"169","211085228",1977993110,4068193,1,"Uglješa Bugarić"
"170","211085228",2014720231,4068193,5,"Predrag Jovančić"
"171","211085228",2127651402,4068193,2,"Miloš Tanasijević"
"172","211085228",2646177118,4068193,4,"Dragan Ignjatović"
"173","211157591",2601375460,4068193,2,"Ljiljana Kolar-Aniĉ"
"174","211157591",2603218702,4068193,1,"Slobodan Aniĉ"
"175","211491840",2666741643,NA,4,"I. I. Grigorov"
"176","211575601",2717718349,4068193,1,"N. N. Nedeljković"
"177","211803117",1627696443,4068193,1,"Jovan M. Nahman"
"178","212334422",2291805312,4068193,2,"F. T. Pastor"
"179","212334422",2343031039,4068193,1,"T. J. Pastor"
"180","212577668",390520199,NA,2,"N. Khozich"
"181","212577668",429467727,NA,1,"R. Andzhus"
"182","212577668",2518094542,NA,3,"T. Chirkovich"
"183","212648012",124182945,4068193,1,"Slobodan N. Vukosavic"
"184","212670261",1956351078,1288882113,4,"Bojan Bukva"
"185","212915137",2559671568,NA,1,"Nenad S. Simonovic"
"186","214345789",2689465757,NA,1,"B.B. Mršulja"
"187","214345789",2700095796,NA,2,"W.D. Lust"
"188","214515752",2651969519,4068193,2,"Miodrag D. Maksimović"
"189","214895939",2626237969,4068193,3,"S. Bogdanović"
"190","214895939",2655184646,4068193,5,"D. Tanasković"
"191","214895939",2708184368,4068193,4,"M.M. Radonjić"
"192","214895939",2779759271,4068193,1,"Z.V. Popović"
"193","214895939",2920090624,4068193,2,"N. Lazarević"
"194","215077680",2118989608,4068193,4,"N. Despotovic"
"195","215077680",2141269655,4068193,5,"D. P. Milosevic"
"196","215077680",2309828761,4068193,3,"P. Erceg"
"197","215077680",2520482922,4068193,2,"M. Davidovic"
"198","215281172",2750429320,10572248,1,"N. Šerbedẑija"
"199","215453438",1186717595,4068193,1,"Grbić M Ljaljević"
"200","215453438",2318973389,NA,5,"T Nedeljković"
"201","215453438",2425201683,4068193,3,"M Stupar"
"202","215453438",2438369081,4068193,4,"J Vukojević"
"203","215453438",2628112499,4068193,2,"N Unković"
"204","216305351",2593150017,4068193,1,"Ivan Grñetiƒ"
"205","216426872",2584102871,861853513,1,"Claudio Bernardi"
"206","219613075",2607557946,NA,1,"Andrea Rinaldo"
"207","220847276",1925498118,NA,3,"V.A. Srećković"
"208","220847276",1987603653,NA,1,"A.A. Mihajlov"
"209","220847276",2068558070,NA,2,"Lj.M. Ignjatović"
"210","220859594",2039038083,4068193,1,"Bojan Janković"
"211","221467298",1984454093,4068193,2,"D. S. Mitrinović"
"212","221467298",2077570817,4068193,3,"P. M. Vasić"
"213","223068470",2039038083,4068193,1,"Bojan Janković"
"214","223478970",2661945997,NA,1,"Шаламов Анатолий Степанович"
"215","225067502",2303807710,4068193,2,"Katarina Kukić"
"216","225257357",2742826156,4068193,1,"Dušanka Jerinić-Prodanović"
"217","225463939",1979310166,4068193,2,"Najdan B. Aleksić"
"218","225463939",2106756617,NA,3,"Milan S. Petrović"
"219","225463939",2853624602,4068193,4,"Aleksandra I. Strinić"
"220","226220708",1272714352,4068193,1,"Ljiljana Djekic"
"221","226220708",2044813891,4068193,2,"Danina Krajisnik"
"222","226220708",2246533342,4068193,5,"Marija Primorac"
"223","226220708",2638085735,4068193,4,"Dragana Djordjevic"
"224","226220708",2647967181,4068193,3,"Martina Martinovic"
"225","226396297",245202583,4068193,2,"Branislav I. Prvulović"
"226","226396297",2000401144,4068193,3,"Marko Radovanović"
"227","226396297",2149199006,4068193,1,"Zoran Z. Petrović"
"228","226557423",2075848224,4068193,2,"Predrag Simonović"
"229","226557423",2089299675,4068193,1,"Saša Marić"
"230","227069769",2030888460,4068193,5,"Vanja Ković"
"231","227069769",2070785445,4068193,2,"Andrej M. Savić"
"232","227069769",2098674219,4068193,3,"Mirjana B. Popović"
"233","227069769",2731905841,4068193,1,"Jelena Sučević"
"234","227069769",2731905841,40120149,1,"Jelena Sučević"
"235","227634357",249340763,NA,10,"Rita Maccario"
"236","228332919",2185620076,861853513,1,"Moulay-Tahar Benameur"
"237","228907315",2272929364,4068193,1,"Violeta Orlovic Lovren"
"238","229692852",2164035217,NA,1,"Азарова Валентина Витальевна"
"239","231117479",2686988891,4068193,1,"S. Sedmak"
"240","231449419",2921567241,10572248,2,"Aleksandar Rodić"
"241","233072269",2122896001,NA,1,"Лебедев Владимир Николаевич"
"242","234662248",2154792018,4068193,1,"M. Komljenović"
"243","234877753",1752464645,4068193,1,"J. Jovovic"
"244","235124821",371332613,4068193,3,"Aleksandra A. Perić-Grujić"
"245","235124821",1329243433,4068193,2,"Jovana S. Jovašević"
"246","235124821",1534099151,4068193,5,"Jovanka M. Filipović"
"247","235124821",2059137657,4068193,4,"Suzana I. Dimitrijević"
"248","235124821",2153585986,4068193,1,"Simonida Lj. Tomić"
"249","235170977",2513313503,NA,6,"M. Ristic"
"250","235170977",2697394173,NA,7,"T. Sreckovic"
"251","235181409",2165448363,NA,2,"Федотов Максим Олегович"
"252","238513059",983949062,4068193,2,"Ljiljana Vasić"
"253","238513059",2149866041,4068193,1,"Saša Milanović"
"254","239866638",2798649908,4068193,25,"Djordje Krivokapic"
"255","239876880",2169656319,NA,1,"M.S. Petrović"
"256","240707980",2335210071,NA,1,"Fabio Raffone"
"257","242373349",2598382758,4068193,1,"M. Adzžicć"
"258","242724975",2653090410,4068193,1,"S Ratkovic"
"259","242907423",326214692,4068193,6,"Aleksandra Mrkonja"
"260","242907423",1899962712,4068193,5,"Anja Gavrilović"
"261","242907423",1976441561,4068193,7,"Vesna Perić-Mataruga"
"262","242907423",2063300556,4068193,1,"Marija Mrdaković"
"263","242907423",2070610441,4068193,2,"Larisa Ilijin"
"264","242907423",2127613958,4068193,4,"Dajana Todorović"
"265","242907423",2151608423,4068193,3,"Milena Vlahović"
"266","242941288",633003070,4068193,2,"Slobodan T. Jovic̆ić"
"267","242941288",2324039449,4068193,4,"Đorđe Grozdić"
"268","243343532",2329933539,181343428,12,"Siniša Šefer"
"269","244308606",2308910331,150729083,2,"Ivo Manica"
"270","245936369",2068561478,NA,3,"Dragan Manasijević"
"271","245936369",2107285182,NA,2,"Dragana Živković"
"272","245936369",2116484488,NA,1,"Isidora Milošević"
"273","245936369",2509360012,NA,4,"Danijel Nikolić"
"274","246584095",2688889749,NA,1,"Maria Grazia Filippucci"
"275","247716901",140070823,4068193,5,"R. Radojičić"
"276","247716901",1870340106,4068193,4,"Z. Saičić"
"277","247716901",2029938523,4068193,2,"M. Spasić"
"278","247716901",2308359861,4068193,1,"V. M. Petrović"
"279","247716901",2650800765,4068193,3,"B. Milić"
"280","248466837",2466869335,1313323035,1,"R. V. Golovnya"
"281","250382410",2251353487,NA,1,"Aleksandar Dimitrijevic"
"282","251544117",2501730892,NA,5,"A. Nikolic"
"283","251550490",2636026639,NA,2,"Z. I. Janjić"
"284","252313877",2798758000,4068193,7,"M. M. Kuraica"
"285","252313877",2798883797,4068193,8,"I. P. Dojčinović"
"286","252313877",2798948099,4068193,9,"J. Purić"
"287","252411758",1475448714,4068193,2,"Danica Bajuk-Bogdanović"
"288","252411758",1869683029,4068193,6,"Aleksandra Rakić"
"289","252411758",1966868861,4068193,1,"Ivanka Holclajtner-Antunović"
"290","252411758",2284610538,4068193,7,"Snežana Uskoković-Marković"
"291","252411758",2675981557,4068193,5,"Bojana Nedić Vasiljević"
"292","256900934",2191494228,NA,2,"Markus Fulmek"
"293","258354905",572460402,4068193,2,"Katarina D. Karljiković-Rajić"
"294","258354905",2067269317,NA,1,"Ljiljana T. Milovanović"
"295","258354905",2154630069,4068193,3,"Branislava S. Stanković"
"296","258430356",900863613,NA,1,"S. N. Kiyasov"
"297","259750156",154129421,4068193,1,"Z. Giba"
"298","259750156",1990914871,4068193,6,"R. Konjevic"
"299","259750156",2225859101,4068193,2,"D. Grubisic"
"300","259750156",2660849065,4068193,3,"S. Todorovic"
"301","259750156",2660905921,4068193,4,"L. Sajc"
"302","259750156",2769071649,4068193,5,"D. Stojakovic"
"303","259840347",2161356782,NA,2,"Viktor I. Merkulov"
"304","260688824",2194004023,NA,1,"Ivanka Bozovic"
"305","260710575",1543928090,4068193,2,"Sanja Petronic"
"306","260710575",2076789528,4068193,5,"Zoran Stamenic"
"307","260710575",2101506149,4068193,3,"Aleksander Kovacevic"
"308","260710575",2184705301,4068193,1,"Andjelka Milosavljevic"
"309","260710575",2716869746,NA,4,"Zorica Kovacevic"
"310","260754370",2053307501,4068193,1,"D. Milatovic"
"311","260857610",2341762722,NA,1,"Samuel Gonzales-Puell"
"312","263234056",2708770980,4068193,3,"Drago Cvijanovic"
"313","263265670",2645964577,4068193,2,"Z. Todorovic"
"314","264978175",1995390280,4068193,2,"Tatjana Savić"
"315","264978175",2003495161,4068193,5,"Marija Tanasković"
"316","264978175",2080118968,4068193,6,"Marina Stamenković-Radak"
"317","264978175",2103973115,4068193,3,"Mihailo Jelić"
"318","264978175",2250821201,4068193,1,"Sofija Pavković-Lučić"
"319","264978175",2265508750,4068193,4,"Bojan Kenig"
"320","264978175",2596231370,1338511612,7,"Marko Anđelković"
"321","265377620",2131319299,NA,1,"Бадулин Николай Александрович"
"322","266249807",332867409,4068193,5,"Petar Z. Lausevic"
"323","266249807",892726268,4068193,4,"Tanja P. Brdaric"
"324","266249807",1218242504,4068193,7,"Milica P. Marceta Kaninski"
"325","266249807",1596001126,4068193,3,"Gvozden S. Tasic"
"326","266249807",1981576177,4068193,1,"Vladimir M. Nikolic"
"327","266249807",2071734037,4068193,6,"Bojan B. Radak"
"328","266249807",2312246880,4068193,2,"Sladjana Lj. Maslovara"
"329","266868180",2263345006,NA,1,"I. Petrovic"
"330","267377777",2108315763,4068193,1,"Milan Stević"
"331","267947504",1627696443,4068193,1,"Jovan M. Nahman"
"332","268787373",506816247,4068193,2,"V. J. Vajgand"
"333","268787373",2343031039,4068193,3,"T. J. Pastor"
"334","268966119",2061648226,4068193,1,"Zoran Stevanovic"
"335","269724449",1772969484,4068193,3,"Čedomir A. Maluckov"
"336","269724449",2008459785,4068193,1,"Darko Brodić"
"337","269909675",106473226,4068193,5,"Maja Gruden-Pavlović"
"338","269909675",1999992546,4068193,6,"Katarina Andjelković"
"339","269909675",2049916173,4068193,4,"Dušan Sladić"
"340","269909675",2152416713,4068193,3,"Dejan Jeremić"
"341","274160316",2568093712,861853513,1,"Antonio Chirumbolo"
"342","275104818",2467787499,NA,11,"G. Bek-Uzarov"
"343","275542575",2672298479,4068193,1,"Z. Ikonić"
"344","275542575",2690479477,4068193,2,"V. Milanović"
"345","276112767",2036772604,NA,1,"Vladimir Dragovich"
"346","276203935",2694987223,4068193,1,"Goran Jez"
"347","277360575",681340731,4068193,1,"Menka Petkovska"
"348","277360575",2892687767,NA,2,"Ljubica T. Petkovska"
"349","278134060",2616697434,4068193,1,"Miodrag A. Jovanovic"
"350","278145684",2024046366,4068193,2,"B. Bajat"
"351","278153176",2104982188,4068193,3,"Radosav Jovanović"
"352","278328434",1921630044,4068193,3,"M. Jurisic"
"353","278328434",2043607006,4068193,2,"T. Terzic"
"354","278391262",2875565875,NA,3,"Matjaz B. Juric"
"355","278398062",2508228897,NA,1,"Dobrivoje Rajkovic"
"356","278673326",2438943557,1313323035,5,"Yu. V. Rakitin"
"357","279576674",2115859242,NA,1,"J Jiménez Villa"
"358","280385424",305236718,4068193,2,"Jelena Demenesku"
"359","280385424",721268310,4068193,4,"Marina Ninkov"
"360","280385424",1980158592,4068193,1,"Ivana Mirkov"
"361","280385424",2018627355,4068193,7,"Milena Kataranovski"
"362","280385424",2044766310,4068193,5,"Jasmina Glamoclija"
"363","280385424",2063295991,4068193,6,"Dragan Kataranovski"
"364","280385424",2460930083,4068193,3,"Aleksandra Popov Aleksandrov"
"365","280699740",2507883620,NA,1,"S. T. Petrovic"
"366","280709774",782589996,4068193,1,"Dragan Aleksendric"
"367","280709774",1894253547,4068193,2,"Cedomir Duboka"
"368","281580850",2460833121,4068193,12,"Branislav Jelenković"
"369","283423813",2661481706,NA,1,"Шухат Виктория Вадимовна"
"370","286017849",2494264078,4068193,1,"Stanislava Stanković"
"371","286852864",2678606397,4068193,3,"George M. Zlokovic"
"372","286933907",2050831097,118501908,1,"Alexander L. Dobrokhotov"
"373","288006972",75813536,4068193,3,"Igor Jemcov"
"374","288006972",1979519446,4068193,2,"Vesna Ristić Vakanjac"
"375","288006972",2061648226,4068193,5,"Zoran Stevanović"
"376","288006972",2149866041,4068193,4,"Saša Milanović"
"377","288092094",168793371,4068193,2,"Vera Dondur"
"378","288092094",2311887142,4068193,1,"Vesna Rakić"
"379","288092094",2439081934,4068193,3,"Ubavka Mioč"
"380","288544004",2467787499,NA,12,"G. Bek-Uzarov"
"381","290440028",2009012824,4068193,2,"Boško S. Jovanović"
"382","290486054",1998697621,4068193,3,"Ana D. Ćirić"
"383","290486054",2044766310,4068193,5,"Jasmina Glamočlija"
"384","290486054",2061457406,4068193,7,"Marina D. Soković"
"385","290486054",2097037322,4068193,1,"Dejan S. Stojkovic"
"386","291239709",2806176600,1312192358,1,"V. Arsoski"
"387","291578196",2737575046,NA,1,"Bojan Zecevic"
"388","291827776",678680163,NA,1,"Ivana D. Cvetkovic"
"389","291827776",1983035877,NA,4,"Lj. Harhaji"
"390","291827776",2053575444,4068193,6,"Vladimir S. Trajkovic"
"391","291827776",2098552598,4068193,3,"Olivera Vuckovic"
"392","291827776",2151554130,4068193,5,"Zoran Nikolic"
"393","291827776",2269010688,4068193,7,"Marija Mostarica Stojkovic"
"394","291863801",2532922740,NA,3,"F. R. Vukajlovic"
"395","292026330",2803574980,NA,1,"R. Antanasijević"
"396","292026330",2803699692,NA,4,"D. Miočinović"
"397","292026330",2804664705,NA,3,"A. Stamatović"
"398","292026330",2804981220,NA,2,"Ž. Todorović"
"399","292068606",2061648226,4068193,1,"Zoran Stevanović"
"400","292573798",2580565524,NA,1,"V.M. Varagić"
"401","292573798",2690236657,NA,2,"Milica Prostran"
"402","292721205",2466212510,4068193,4,"M. Burzić"
"403","292721205",2636650624,NA,1,"Z. Burzić"
"404","292863784",2098674219,NA,3,"Mirjana B. Popovic"
"405","292946285",1966868861,4068193,3,"Ivanka D. Holclajtner-Antunovic"
"406","292946285",2093405148,4068193,1,"Vesna Kuntic"
"407","292946285",2157461160,4068193,2,"Maja Stanojevic"
"408","292946285",2296168016,4068193,4,"Snezana Uskokovic-Markovic"
"409","292946285",2439081934,4068193,5,"Ubavka B. Mioc"
"410","292946285",2712302288,4068193,7,"Tanja Jovanovic"
"411","292946285",2917929284,4068193,6,"Marija S. Todorovic"
"412","293200370",2565769232,4068193,3,"Nebojsa Petrović"
"413","293215577",2100184236,NA,1,"Ивашкина Олеся Георгиевна"
"414","295561319",1725562128,4068193,1,"Sanela Pacić"
"415","295561319",1810660005,4068193,2,"Srećko Potić"
"416","295561319",2074968459,4068193,5,"Radmila Nikić"
"417","295561319",2764723522,4068193,4,"Fadilj Eminović"
"418","296452919",2004738345,4068193,2,"Marina Svetel"
"419","296452919",2418397359,4068193,1,"Vladimir S. Kostić"
"420","297118366",2098528254,4068193,3,"Jelena Nedeljković Trailović"
"421","297118366",2233360279,4068193,1,"Saša M. Trailović"
"422","297118366",2537390400,4068193,2,"Djordje S. Marjanović"
"423","298285917",2078320836,4068193,1,"J. Radovanović"
"424","298285917",2576082665,4068193,3,"V. Milanović"
"425","298285917",2807106922,NA,2,"A. Daničić"
"426","298466433",2527877068,NA,1,"Slobodan Kazic"
"427","298466433",2539339358,NA,3,"Jelena Popovic"
"428","298466433",2684122645,NA,2,"Milena Kazic"
"429","298841597",1984454093,4068193,2,"D. S. Mitrinović"
"430","298841597",2077570817,4068193,3,"P. M. Vasić"
"431","299250168",2680350502,4068193,2,"S. Jokic"
"432","299643363",2431235826,4068193,1,"S. Stefanovic"
"433","299657428",2005485824,NA,1,"Ilijana Grigorov"
"434","299657428",2085764090,NA,2,"Tanja Lazić"
"435","299657428",2465268625,NA,5,"Miodrag Petrović"
"436","299657428",2497185180,NA,4,"Tanja Milosavljević"
"437","299657428",2696146026,NA,3,"Ivana Cvetković"
"438","299855118",2061648226,4068193,4,"Zoran Stevanović"
"439","299855118",2149866041,4068193,1,"Saša Milanović"
"440","299855118",2169472236,4068193,2,"Veselin Dragišić"
"441","300106013",2704098017,4068193,2,"B. Abolmasov"
"442","301512690",2139318283,4068193,7,"Vladan Djordjević"
"443","302101144",2665709633,NA,1,"K.D. Maglić"
"444","302693561",2193440755,4068193,2,"D. Nikolic"
"445","305798999",106473226,4068193,2,"Maja Gruden-Pavlović"
"446","305798999",1986365592,4068193,1,"Sonja Grubišic"
"447","306623851",1839527013,NA,3,"B.B. Mršulja"
"448","306623851",2427717250,NA,2,"D.V. Mićić"
"449","306623851",2664718236,NA,1,"Branka J. Mršulja"
"450","306879577",994666301,4068193,2,"Danica Brzic"
"451","306879577",2314155242,4068193,1,"Jelena Djurovic"
"452","306879577",2317512726,4068193,3,"Tatjana Kaludjerovic Radoicic"
"453","306897863",691033206,4068193,6,"Mila D. Laušević"
"454","306897863",2023840750,4068193,1,"Marija M. Vukčević"
"455","306897863",2067689263,4068193,4,"Biljana M. Babić"
"456","306897863",2468816803,4068193,3,"Tatjana M. Vasiljević"
"457","306897863",2484861467,4068193,2,"Ana M. Kalijadis"
"458","306897863",2570073399,4068193,5,"Zoran V. Laušević"
"459","307690112",2579564842,NA,1,"Рубцова Наталья Сергеевна"
"460","310698779",1986896768,4068193,3,"Snežana Oljača"
"461","310698779",2674083249,4068193,6,"Biljana Janošević"
"462","310716461",2628855169,NA,2,"Dj. Kosanović"
"463","310716461",2673119451,NA,1,"Miss M. Liler"
"464","310824477",2293351240,4068193,5,"I. M. Savić"
"465","311419952",1984834077,4068193,1,"Ana Golubović"
"466","312132670",697066021,NA,2,"Ivan Stosic"
"467","312132670",1805757940,NA,1,"Ivana Domazet"
"468","313150701",1861426195,NA,3,"Jelena Marinkovic"
"469","313150701",2052820547,NA,2,"Miodrag Ostojic"
"470","315417133",2905703323,1313323035,2,"G. E. Zaikov"
"471","316939377",2061648226,4068193,1,"Zoran Stevanović"
"472","318759811",2044019095,4068193,1,"Dobrivoje Mihailović"
"473","318759811",2084573364,4068193,2,"Ivana Kovačević"
"474","319279650",2071825627,861853513,5,"D. Prosperi"
"475","319401342",2142085234,4068193,2,"Branislav M. Notaroš"
"476","319401342",2441485885,4068193,1,"Branko D. Popović"
"477","320785349",45442704,NA,1,"M. Radmilović-Radjenović"
"478","321669616",279890916,4068193,2,"B. Vinterhalter"
"479","321669616",1993990908,4068193,1,"D. Vinterhalter"
"480","321669616",2005843615,4068193,3,"J. Miljuš-Djukić"
"481","321669616",2242378618,4068193,4,"Ž. Jovanović"
"482","321820295",2061648226,4068193,2,"Zoran Stevanović"
"483","321942385",425881593,NA,7,"N. Ribar-Stepić"
"484","321942385",2151776230,1338511612,8,"R. Djordjević"
"485","321942385",2701899553,NA,6,"D. Trajković"
"486","321942385",2776279012,1338511612,1,"D. Kanazir"
"487","322313940",2700682823,4068193,2,"D. Voronjec"
"488","322313940",2704524959,4068193,1,"D. Antonijevic"
"489","326376331",2711323585,NA,1,"N. Ninić"
"490","326376331",2716455624,NA,2,"A. Vehauc"
"491","326675554",1627696443,4068193,1,"Jovan M. Nahman"
"492","327385815",414879327,4068193,2,"Vuk Mijović"
"493","327385815",1994543984,4068193,1,"Valentina Janev"
"494","327385815",2009721278,4068193,4,"Uroš Milošević"
"495","327385815",2165153933,4068193,3,"Dejan Paunović"
"496","327653613",2014701565,4068193,1,"M. Nikolic"
"497","328376372",2755714290,861853513,4,"Stagnitti F"
"498","329486061",753711774,4068193,1,"Olga M. Jaksic"
"499","329486061",1994081035,4068193,2,"Zoran S. Jaksic"
"500","329486061",2017770718,4068193,5,"Lj. Kolar-Anic"
"501","329486061",2087035972,4068193,4,"Danijela V. Randjelovic"
"502","329486061",2346477509,4068193,3,"Zeljko D. Cupic"
"503","329880890",2581264935,861853513,1,"Emanuela Cristiani"
"504","331889825",2113864024,4068193,2,"D.D. Šiljak"
"505","331889825",2577203993,4068193,1,"M.R. Stojić"
"506","332675602",2663417264,20455151,4,"Marc Wagner"
"507","334068975",2194970172,4068193,1,"Maja Buric"
"508","334068975",2511362857,4068193,3,"Luka Nenadovic"
"509","335297401",2667458960,NA,1,"Александр Александр Радуль"
"510","337617460",684017202,4068193,2,"Filip Andrić"
"511","337617460",725084491,4068193,1,"Dušanka Milojković-Opsenica"
"512","337655679",2036559863,4068193,3,"Antun Balaž"
"513","337741487",2583230040,4068193,1,"Marija Todorovic"
"514","337822087",1998697621,4068193,4,"Ana Ciric"
"515","337822087",2061457406,4068193,6,"Marina Sokovic"
"516","338080459",703796968,4068193,1,"B. Ostojić"
"517","338717008",2665860080,NA,4,"Dragica Borojević"
"518","338717008",2670532484,NA,1,"Vojin Šulović"
"519","338717008",2676602355,NA,2,"Paja Momčilov"
"520","338717008",2698775337,NA,3,"Jevrosima Begović"
"521","339983634",693207058,4068193,1,"Predrag Bjelić"
"522","342745068",2422876879,NA,1,"Sergio Scippacercola"
"523","344014767",2061648226,4068193,1,"Zoran Stevanović"
"524","345321372",2641569585,NA,2,"M. Vukobratovic"
"525","345557318",2799254528,4068193,1,"D. K. Božanić"
"526","348485163",1827121818,170253739,1,"Tijana Radojevic"
"527","348485163",2057662821,170253739,2,"Nemanja Stanisic"
"528","348485163",2211946795,170253739,3,"Nenad Stanic"
"529","350181806",318847343,4068193,4,"Djordje Stojaković"
"530","350181806",2078354173,4068193,1,"Nevenka Rajić"
"531","350181806",2396801752,4068193,5,"Sanja Šajić"
"532","350181806",2802103533,4068193,2,"Nataša Zabukovec Logar"
"533","350388298",2592636640,NA,1,"Mirjana Radovic-Markovic"
"534","350789281",673471182,4068193,5,"Vele Tešević"
"535","350789281",2080602926,4068193,1,"Brankica Rašković"
"536","350789281",2088925866,4068193,6,"Natalija Polović"
"537","350789281",2251046814,NA,3,"Sanja Ostojić"
"538","350789281",2551115788,4068193,4,"Boban Anđelković"
"539","350789281",2608842379,4068193,2,"Milica Popović"
"540","350881655",64110106,1302404375,6,"Ivo Toševski"
"541","350881655",2044058060,NA,1,"Nenad Trkulja"
"542","350881655",2051200913,NA,5,"Jelena Jović"
"543","350881655",2423021443,NA,4,"Milana Mitrović"
"544","350881655",2463634370,NA,2,"Anja Milosavljević"
"545","350881655",2720731386,NA,3,"Rade Stanisavljević"
"546","351536109",2691571849,1338511612,1,"Fedor Herbut"
"547","352642186",2322493543,NA,3,"B. Bobic"
"548","352642186",2600438857,NA,1,"D. Sibalic"
"549","352642186",2619326342,NA,2,"Olgica Djurkovic-Djakovic"
"550","353272457",1999700269,4068193,3,"Luka Lazarević"
"551","353272457",2150193758,4068193,1,"Zdenka Popović"
"552","353272457",2309395843,4068193,2,"Ljiljana Brajović"
"553","353272457",2717041088,4068193,4,"Leposava Milosavljević"
"554","353644966",1821583531,4068193,3,"Jelena Dotlic"
"555","353644966",2039703769,4068193,2,"Milan M. Terzic"
"556","353644966",2084993670,NA,7,"Dusica Kocijancic"
"557","354962282",2149224093,70764802,1,"Stepan P. Radzevich"
"558","357737142",1628035548,4068193,1,"M. Ćurić"
"559","358388872",2663337032,NA,1,"Z. Janjušević"
"560","358388872",2664800281,NA,2,"Z. Gulišija"
"561","358388872",2686833804,NA,4,"A. Patarić"
"562","358388872",2694008818,NA,3,"M. Mihailović"
"563","361990286",2302940301,NA,3,"Benedito Alísio da Silva Pereira"
"564","364604659",2267984191,NA,1,"Zoran Krivokapic"
"565","364604659",2292309388,NA,2,"Ivan Dimitrijevic"
"566","364649417",2250569996,169248161,3,"Amauri Almeida Machado"
"567","365175533",527295053,NA,1,"J. L. Vucina"
"568","365175533",2218721367,NA,2,"M. M. Markovic"
"569","366213384",1486472506,861853513,1,"Fiora Pirri"
"570","368847890",1991678342,4068193,2,"Jelena Stanisavljevic"
"571","370656443",2069349119,4068193,4,"Goran Bacic"
"572","370656443",2072892109,NA,3,"Milan Zizic"
"573","370656443",2572779716,NA,2,"Joanna M. Zakrzewska"
"574","370656443",2677713215,NA,1,"Miroslav Zivic"
"575","371401265",2674748837,4068193,4,"Biljana B. Radojevic"
"576","371422203",1935743310,4068193,3,"T. J. Janjić"
"577","371422203",2079813881,4068193,2,"M. M. Krunz"
"578","371422203",2309471256,4068193,1,"L. B. Pfendt"
"579","372445588",2678720068,NA,1,"Hulínská D"
"580","375284672",2635601329,NA,2,"Čivljak R"
"581","376349934",2486382870,1313323035,4,"O. B. Pudova"
"582","376541094",2294814653,4068193,6,"Slavko Vesković"
"583","376983522",2315567884,NA,1,"Milena Lovric"
"584","377123705",1530323201,NA,4,"Nevenka Žarkić-Joksimović"
"585","377123705",1972352930,NA,1,"Milica Bulajić"
"586","377123705",2017944689,NA,2,"Veljko Jeremić"
"587","377123705",2682018268,NA,3,"Snežana Knežević"
"588","378763608",2144037714,199691007,1,"Dijalma Barbosa da Silva"
"589","382526700",2082244437,NA,1,"Georgi Efremov"
"590","385750909",1627696443,4068193,1,"Jovan M. Nahman"
"591","387066038",2143934273,199691007,2,"Amarilis Labes Barcellos"
"592","390583725",2045841225,134493880,4,"Akira p. Takematsu"
"593","392245703",2431298106,1304155728,3,"M. Savic"
"594","392245703",2706100662,1304155728,1,"Z. Roganovic"
"595","392306141",106473226,4068193,2,"Maja Gruden-Pavlović"
"596","392306141",1688991864,4068193,1,"Ljubica Andjelković"
"597","392306141",2083702393,4068193,3,"Matija Zlatar"
"598","395688938",641256912,4068193,2,"Nebojša Jović"
"599","399551837",2702333176,NA,1,"Токарев Владимир Федорович"
"600","400942320",2679142330,NA,1,"Нилов Василий Николаевич"
"601","402031618",353988927,4068193,2,"M. A. Sekheta"
"602","402031618",1973580793,4068193,1,"G. A. Milovanovic"
"603","403141567",1970094612,NA,4,"Mileva V. Micic"
"604","403141567",1979485934,NA,2,"Ana K. Rakin"
"605","403141567",2892952071,NA,3,"Irena P. Zivkovic"
"606","403141567",2894392757,NA,1,"Danica M. Petrovic-Djergovic"
"607","404926717",327379417,4068193,2,"Ana Podolski-Renić"
"608","404926717",1966083347,4068193,5,"Jasna Banković"
"609","404926717",1995434486,4068193,1,"Sonja Stojković"
"610","404926717",1998918097,4068193,4,"Tijana Stanković"
"611","404926717",2052755019,4068193,9,"Nikola Tanić"
"612","404926717",2081061935,4068193,7,"Verica Paunović"
"613","404926717",2176383262,4068193,10,"Milica Pešić"
"614","404926717",2213665109,4068193,3,"Jelena Dinić"
"615","404926717",2245640339,4068193,8,"Aleksandra Isaković"
"616","404926717",2557007286,4068193,6,"Stefan Hadžić"
"617","405186604",2914350033,NA,3,"Francisco Dias Nogueira"
"618","406960581",1945880167,4068193,6,"Marija Radojcic"
"619","406960581",2022780976,4068193,5,"Iva Lukic"
"620","406960581",2046911912,4068193,1,"Miroslav Adzic"
"621","406960581",2156032449,4068193,3,"Milos Mitic"
"622","406960581",2238375209,4068193,2,"Jelena Djordjevic"
"623","406960581",2326632105,4068193,4,"Zeljka Brkic"
"624","407610571",2793619992,NA,3,"G. Pirlo"
"625","409356558",1984454093,4068193,1,"D. S. Mitrinović"
"626","412667327",2408924126,NA,2,"Ángel Vila"
"627","416531168",2655066410,NA,1,"Токарев Владимир Федорович"
"628","418335633",2300657792,901767563,1,"Eugênio Ferreira Coelho"
"629","419576108",2419973017,861853513,1,"Luigi Bozzao"
"630","421155053",276585385,4068193,1,"Veljko Bandjur"
"631","422047883",2014701565,4068193,5,"Miroslav Nikolic"
"632","422831256",2643505964,4068193,3,"R. Cerovic"
"633","424201476",259854643,1325784139,4,"Stanislava D. Stosic-Grujicic"
"634","424201476",2053575444,4068193,6,"Vladimir S. Trajkovic"
"635","424201476",2098552598,4068193,3,"Olivera Vuckovic"
"636","424201476",2269010688,4068193,5,"Marija Mostarica Stojkovic"
"637","424201476",2496899039,1325784139,1,"Djordje Miljkovic"
"638","424201476",2704835491,1325784139,2,"Ivana D. Cvetkovic"
"639","424524242",2025507273,199691007,1,"Eduardo Delgado Assad"
"640","426502539",1989287549,861853513,2,"Stefania Sardellitti"
"641","428123382",2050080931,4068193,1,"A. Mitovski"
"642","428123382",2068561478,4068193,3,"D. Manasijević"
"643","428123382",2107285182,4068193,6,"D. Živković"
"644","428123382",2283541437,4068193,2,"N. Štrbac"
"645","428123382",2629525489,4068193,7,"Lj. Balanović"
"646","428123382",2708428753,NA,5,"A. Daković"
"647","428123382",2907927672,NA,4,"M. Sokić"
"648","428162352",2499367740,4068193,1,"D.B. Milivojević"
"649","428162352",2603782743,4068193,2,"B.R. Nikolić"
"650","428581868",2067951738,NA,1,"A. Agostiano"
"651","433523978",1997352808,NA,1,"Dejan Poleti"
"652","433523978",2035266163,1338511612,3,"Miodrag Zdujic"
"653","433523978",2178830681,NA,2,"Ljiljana Karanovic"
"654","433523978",2194248214,4068193,4,"Cedomir Jovalekic"
"655","433523978",2479031282,NA,5,"Zorica Brankovic"
"656","435197846",2098160761,114090438,1,"Helmut Behr"
"657","436454754",2249345555,4068193,2,"Lato Pezo"
"658","560528409",2919081763,889315371,2,"Drago Cvijanovic"
"659","560798059",270378964,4068193,4,"A. Sedmak"
"660","560798059",688813457,4068193,5,"B. Rajicic"
"661","560798059",1899759913,4068193,3,"G.M. Bakic"
"662","560798059",2507353447,4068193,1,"M.B. Djukic"
"663","560798059",2639237454,4068193,2,"V. Sijacki Zeravcic"
"664","561419212",1741128548,4068193,4,"Saša Ranđelović"
"665","561419212",2016405907,4068193,2,"Gorana Krstić"
"666","561419212",2250661064,4068193,3,"Milojko Arsić"
"667","561783446",1974518019,4068193,2,"M. Radoicic"
"668","561783446",2053453530,4068193,3,"M. Radetic"
